Title,URL,Emails
"Taylor Landscaping Services, United Kingdom",https://www.taylor-landscaping.com/,hello@taylor-landscaping.comSocialsFacebook
Landscaping - Three Shires Ltd,https://threeshires.com/landscaping-4,enquiries@threeshires.com; enquiries@threeshires.comTel
Kingston Landscape - London's Premier Landscaping ...,https://www.klguk.com/,None found
Mighty Oak | Stunning Landscaping Services,https://www.mightyoakuk.com/,Usinfo@mightyoakuk.comMob; form.Emailinfo@mightyoakuk.comOffice
Landscape Architecture Recruitment Agencies,https://www.ignispartners.com/expertise/landscape-architecture-recruitment-agencies,4175hello@ignispartners.comAboutOur; 4175hello@ignispartners.comContactContact; hello@ignispartners.com
Ellis&Co Gardening and Landscaping services | Wakefield,https://www.facebook.com/people/EllisCo-Gardening-and-Landscaping-services/100093734343257/,None found
UK Landscaping Companies - Landscape & Garden Design,https://www.landscapersaround.co.uk/,cs@realpeoplemedia.co.uk
Top 10 Landscaping Companies in United Kingdom | Surfe,https://www.surfe.com/industries/landscaping/united-kingdom/,None found
Top 50 Advertising Agencies in UK - Aug 2025 Rankings | DesignRush,https://www.designrush.com/agency/ad-agencies/uk,None found
Agencies - MISSION Group,https://www.themission.co.uk/agencies/,contact@themission.co.uk; recruitment@themission.co.uk; pr@themission.co.uk; newbiz@themission.co.uk
2025 trends and challenges revealed: The state of marketing agencies ...,https://www.b2bmarketing.net/marketing-agencies-uk/,None found
Best Digital Marketing Agencies in the UK | Digital Agency Network,https://digitalagencynetwork.com/agencies/uk/,None found
The Landscaping Agency - Turning Stress Into Green Success,https://thelandscapingagency.com.au/,HomeVerite.axel@hotmail.fr; info@thelandscapingagency.com.au
Top 10 Influencer Marketing Agencies in the UK : A Guide,https://theinfluencermarketingfactory.com/best-influencer-marketing-agencies-uk/,None found
Independent agencies : Who do you think you are? Uncovering the...,https://allindependentagencies.org/alliance-events/uncovering-the-uks-agency-landscape-with-agency-by-agency/,0969484info@allindependentagencies.orgTwitter
Influencer Marketing Agencies in the UK : Top Picks for 2025,https://influencermarketinghub.com/influencer-marketing-agencies-uk/,None found
Best Shopify & Shopify Plus Agencies in the UK | 2025 List,https://byradiant.com/blog/best-shopify-agencies-uk,2JBinfo@byradiant.com
Top 20 Influencer Marketing Agencies UK (2025) | Socially Powerful,https://sociallypowerful.com/post/top-20-influencer-marketing-agencies-uk,mena@sociallypowerful.com; usa@sociallypowerful.com; asia@sociallypowerful.com; tellmemore@sociallypowerful.com; james.hacking@sociallypowerful.com; press@sociallypowerful.com
Grounds Maintenance and Landscaping,https://www.emcoruk.com/facilities-management-services/soft-fm/grounds-maintenance-and-landscaping-services,None found
BrightView | Leading Commercial Landscaping Services ...,https://www.brightview.com/,None found
UK Landscapes | Commercial Landscaping Services,https://www.uklandscapes.co.uk/,info@uklandscapes.co.uk
"Digital Agencies in Reading, UK",https://agencycake.com/uk/reading-agencies,None found
Top 10 Best Garden Designers & Landscapers In The UK,https://bestall.co/from-the-garden/top-10-best-garden-designers-and-landscaping-businesses-in-the-uk/,None found
Home | Landscape Services,https://landscapeservices.co.uk/,LS.info@csltd.org.uk
idverde UK | Creating and Maintaining Landscapes | National ...,https://www.idverde.co.uk/,None found
landscape directory - British Association of Landscape Industries,https://www.bali.org.uk/members/?serviceType[]=Landscaper,enquiries@atm-ltd.co.uk; info@afan-group.com; info@4thcorner.co.uk; contact@bali.org.uk; alistairmiles@ymail.com; info@acer-landscapes.com; info@acacia-gardens.co.uk; gavin.martin@acorn-grp.co.uk; yve.hall@acrelandscapes.com; mike@acornlandscapeservices.co.uk; info@aeatlewis.com
Homepage - Landform Consultants Limited,https://www.landformconsultants.co.uk/,jess@silverballpr.com; enquiries@landformconsultants.co.uk; careers@landformconsultants.co.uk
Kangaroo UK | Agency Index,https://www.marketingagencyindex.com/agency/kangaroo-uk/,None found
Contact - Agency Landscape + Planning,https://agencylp.com/contact/,hiring@agencylp.com; info@agencylp.com
The Landscape Agency appoints new managing director,https://www.prolandscapermagazine.com/the-landscape-agency-appoints-new-managing-director/,enquiries@landscapeagency.co.uk
